id,package_name
1,com.udates
2,cornera.touchretouch
3,com.adriangl.pict2cam
4,com.multiphotoblender.photomixer
5,com.appbites.wildanimalphotoframes
6,com.cuteBaby.BabyPhotos
7,freeappshouse.mobile.phone.photo.frames.editor
8,com.jaumo.casual
9,com.ster.photo.surgery
10,com.Family.Photoframee
11,com.dhaduk.survil.body.curve.shape.editor.maker.photo.video.image.bodyshapeeditor
12,com.best.photo.apps.doodle.shape
13,photocollage.videocollage.photoeditor.collagemaker.photogridmaker.photogrid
14,pub.text.punjabionphoto
15,com.ahihi.blur.image
16,com.mvltrapps.ugadi.photo.frame.effect
17,com.mvltrapps.transparentphotoframe
18,com.sknapps.IslamicPhotoFrames
19,com.sknapps.RamadanMubarakPhotoFrames
20,com.ak41.photoeditor.pip
21,spdate.online.girlsmeet.chat
22,com.ao.SP360_4K
23,com.td.transdr
24,com.video.removebackground.removebackground
25,com.kingsstore.WomenPattuSareePhotoMaker
26,com.fbd.location.camera
27,g3.colorsplash.backgroundsplash.changeeffect
28,com.evermatch
29,g3.cropphoto.photocrop.cutbackground.photoeditor
30,im.twogo.godroid
31,com.best.photo.app.rabbitface
32,com.app.flirtbees
33,freeappshouse.horse.selfie.photo.frames
34,com.tyteapp.tyte
35,com.datemyage
36,com.kingsstore.WomenSareePhotoEditor
37,com.atdev.blurryphotoeditor
38,bip.photoeditor.framesforposter
39,com.lovevite
40,com.wishant.newbestphotoeditor2018
41,ringpro.squaregrid.gridmaker
42,com.kingsstore.StylishGirlPhotoEditor
43,com.localhookupdating.android
44,com.madinaphotoframes
45,com.best.photo.app.photoonbirthdaycakes
46,com.jaybhim.jaybhimphotoframes
47,com.ahihi.status.tamtrang
48,com.kingsstore.WomenDesignerSareePhotoSuit
49,com.kingsstore.LehengaCholiPhotoEditor
50,com.getpure.pure
51,com.saraswatiphotoframes
52,com.jesus.jesusphotoframes
53,com.marathibirthday.marathibirthdayphotoframes
54,com.vicart.familytreemaker
55,com.amolatina
56,com.photo.editor.frames.app.free
57,com.rometic.trulyasian
58,com.best.photo.app.boyhairchanger
59,com.cla.longhairs.beststyles.hd
60,com.kingsstore.WomenJeansFashionTops
61,com.dating.android
62,com.acdsystems.acdseephotosync
63,mobi.skyrock.Smax
64,com.pixelsdev.erasebackground
65,com.Photo.PIP.Camera.Picture_In_Picture.Effects.Filters
66,com.ram.bookphotoframes
67,com.BabyFaceFunnyAgeChangerNisappsNiski
68,weddingtraditional.couple.suit
69,babypredictor.babygenerator.futurebabyface.app
70,com.kingsstore.StylishDressFashionGirlsNew
71,com.lvarappzone.BabyMonthSpecial
72,com.rometic.trulyfilipino
73,com.bzezz.starlocator
74,com.etoolkit.fitpix.mediavault
75,com.vishnu.vishnubhagwanphotoframes
76,com.atsdev.photogridart
77,com.appbites.waterfountainphotoframes
78,com.eurodate
79,com.socialnetwork.hookupsapp
80,com.maybeyou
81,jsnew.photomixer
82,com.kingsstore.LehangaCholiPhotoMaker
83,com.hotti.android
84,com.ramnavami.ramanavamiphotoframes
85,com.meetoutside.meetoutsideapp
86,com.veggly
87,com.shivajijayantiphotoframes
88,com.kingsstore.GirlsPhotoSuitsEditor
89,de.appfiction.yocutiegoogle
90,singles420.entrision.com.singles420
91,com.chinalove
92,com.mvltrapps.srirama.navami.photo.frame.effect
93,com.telestra.art.painting.artistic.photography
94,com.kingsstore.IndianBrideWeddingPhotoMontage
95,com.km.musicslideshow
96,com.mvltrapps.selfiephotoframemaker
97,com.kingsstore.GirlsDesignerFrockPhotoEditor
98,com.photo.editor.makeup.face
99,com.appwallet.ValentinesDayFrames
100,com.brotechllc.thebroapp
101,com.kingsstore.BabyGirlPhotoSuits
102,com.calcam.oldfilter
103,com.loveawake.chat
104,valentine.photo.frame.editor
105,com.photoeditor.blender.picsblend
106,com.aimdate.loveinasia
107,com.passportsizephoto.passportphotomaker
108,com.wedding.weddinginvitation
109,com.weloveapps.latindating
110,com.splento.food
111,fiori.transgender
112,com.devlobis.goodmorninglove
113,com.sweetringplus.android
114,com.ram.birthdayphotoframes
115,com.jazzyworlds.photopixel
116,com.ram.lovephotoframes
117,com.jazzyworlds.paintandsketcheffect
118,com.km.photogridbuilder
119,com.aimdate.thaiflirting
120,com.etoolkit.photoeditor
121,love.photo.frame.editor
122,com.bluestar.good.morning
123,dating.hookup.apps
124,com.jazzyworlds.photoeffect3d
125,kr.jungrammer.strangerchat3
126,com.etoolkit.fitpix.collage
127,com.yourtravelmates
128,com.km.picturequotes
129,com.catholicmatch.app
130,com.km.textoverphoto
131,com.appluvfree
132,com.slideshow.slideshow_videomaker
133,com.bluearts.lovemessages
134,com.zepyur.binoculars
135,com.veronica.happy.new_year.photoframes.stickers
136,cpro.dating
137,biatoka.camerapose
138,cornero.bodyshapephotoeditor
139,com.hubaapps.chat
140,com.stylish.sunglasses.pictureditor.photoeditor.artappstudio
141,com.beautyfacemakeup.photoeditor.selfiemakeover
142,com.sumeruskydevelopers.iplcricketsuitphoto
143,kr.jungrammer.talktalk
144,com.veronica.ramadan.mubarak.photoframes.stickers
145,com.never.die
146,com.blackview.dashcam.vietmap
147,com.migenteapp.migenteandroid
148,com.psma.mosaicphotoeffects
149,com.aiTeam.EffectArtName
150,com.BestofallPhotography.DeleteRedEyesApp.RemoveRedEyesFromPhoto
151,com.catch.fwbhookupapp
152,com.EasyPhotoEditorTechfazilka.easyphotoeditor
153,com.socialnetworking.bbwmapp
154,com.Couple.Photo.Suit.Styles.Traditional.Photo_Editor.Frames
155,kr.jungrammer.strangertalk
156,com.gomin.photo.cut.paste.background.editor
157,com.mindhunter.tryst
158,best.edtphoto.policesuit_photoeditor
159,com.ftapps.fotos3x4
160,com.s22utral.peter.parker.camera
161,com.davis.justdating
162,com.urdu.textonphotos.shairi.appsogen
163,com.gallery.photoviwer
164,ru.mylove.dating
165,com.appbites.menmotophotosuit
166,com.aimdate.russianflirting
167,com.livetalk.randomvideochat
168,com.aiTeam.MagicLightEffect
169,com.printeeapp.printee
170,com.appbites.interiorphotoframes
171,com.pixelsdev.storymaker
172,com.fa.typegraphi
173,datee.mobi
174,com.Christmas.Photo_Frames.Background.Editor
175,mnara.dittoed
176,com.Flower.Photo.frames.HD_Photoframes.app
177,com.atsdev.framephotocollage
178,com.camjoy.live.app
179,com.foreverbilisim.sevgilibul
180,com.newappxone.flowerphotoframes
181,co.lucky.hookup
182,com.covalent.kippo
183,com.photoeditor.app.smileyface.sticker
184,europeandating.europesingles.nearbymeet
185,com.mvltrapps.longfrockphotosuit
186,com.dating.apps.cupid
187,apptrends.love_test_calculator_lovephotoframes
188,com.yovic.girlybanat
189,com.rometic.trulychinese
190,com.bluefishapp.cutpaste
191,statusdp.flagtextletter.indianphoto.frame
192,com.Happy.Christmas.Photo.Frames.Merry.Santa.Effect
193,au.com.meetmefreedatingapp.flirtdating
194,com.mm.insects.identification
195,com.opusmobilis.adamdateseve
196,com.name.birthday.cake.wishes
197,com.inchallah.inchmobile
198,com.editor.covers.postermaker
199,com.agerecognitionapp.faceage
200,com.ZomieeInfotech.FightPhotoEditor
201,com.eden_android
202,canadianmeet.dating.chatsingles.friends
203,instadp.circele.profile.picture.border.maker
204,com.oshiharapps.facemakeupbeauty.prettymakeup.makeupeditor
205,droidconsulting.haircolorchanger
206,com.sigmaappsolution.marriagephotoframe
207,com.mendone.eyebrow.editor
208,best.edtphoto.arabman_suitchanger
209,com.mvltrapps.gardentransparentphotoframes
210,com.schmoozeapps.schmooze
211,com.hookup.dating.bbw.wink
212,com.august15Photoeditor.photoeditor.ly
213,com.agegap.gaper
214,com.cheerioworld.nevermet
215,com.appbites.tajmahalphotoframes
216,com.awtar.mob.app
217,makstyle.preweddingphotoframe
218,com.makeupcollections.august.photoframe.sticker.editor
219,com.blackwhitemeet
220,com.roshi.poetry.textonphoto
221,com.dating.pink
222,com.appbites.rainbowphotoframes
223,co.lunchclick
224,com.bzoo.videomaker.moviemaker.story.status.lyrical
225,com.neenbo
226,com.atsdev.textonphoto
227,com.ram.lovelyphotoframes
228,com.mvltrapps.dualphotoblender
229,com.appbites.beachphotoframes
230,fi.kotisatamanvalo.app
231,boudi.live.videocall
232,makstyle.royalcarphotoeditor
233,com.meetnewpeople.meet.call.people.livechat
234,com.ram.happyvalentinesdayframes
235,com.nightmodegogglesmultiple.thermaleffects
236,com.chatnetworkapp.france
237,com.mvltrapps.ganeshphotoframes
238,com.yuyyu.horoscopematch
239,com.dgt.manmuscleeditorslimbody
240,com.cfishes.christiandating
241,com.CollageMedia.Photo.Collage
242,com.sigmaappsolution.nameonaniversaryphoto
243,app.blackgentry
244,com.utopiatechnologies.aibgremover
245,com.jazzyworlds.myindiadp
246,com.sebastianotrven.turinisayhellolove
247,com.bluefishapp.blureffect
248,kr.jungrammer.anonymous
249,com.apenpals.friends
250,com.ram.lovelocketframes
251,com.avodating.avovietnam.rnative
252,com.rstech.photo.editor.filters.fun.editpicture.effects.photoblend.blurphoto
253,com.dateinsfinder
254,com.ram.hoardingphotoframes
255,com.binocularsmodel.v1145xzoomhd.cameraphotovideo
256,com.ram.birthdaycakeframes
257,com.bringsgame.hotstickers
258,com.thairomances.twa.en
259,schan.main
260,com.ram.christmasphotoeditor
261,com.militaryapp.mailitarysuitformanandwoman
262,com.ram.newyearframes
263,com.dgt.leathercoat
264,com.onemanwithcamera.instaretro
265,com.ram.happynewyearframes
266,com.sumeruskydevelopers.valentinelovecardphoto
267,app.ir.adoos.thuluthin
268,io.sanvean.tbc
269,com.appspot.swisscodemonkeys.effectsfree
270,com.adult.friend.finder.friendswithbenifits.fwbapp
271,com.dating.mirchi
272,au.com.meetmefreedatingapp.muslim
273,com.goshi.pakflag.flagshirt.flagonface
274,love.waiter.android
275,photoeditor.IndependenceDay.photo.august15dayphotoeditor
276,com.Christmas.Photo.Frames.Background.Effects
277,com.photopro.artfilter
278,com.photoflower.photo.frame.collage
279,com.pepper.chat
280,zuchatapp.com
281,com.gamesrushti.CalendarPhotoFrame
282,com.meetapp.free.loveme
283,com.ram.marriagephotoframes
284,com.editor.photo.flower.photoframe
285,com.videochat.dateu.online
286,com.photo.suit.editor
287,com.zmobileapps.passportphoto
288,com.druzelink
289,com.tricore.newyear.fireworks
290,freeappshouse.hijab.fashion.photo.frames
291,com.hafidabano.alkitaba.sowarmodhila
292,com.ram.pongalframes
293,com.Square.Photo.Frame.Collection.lovephotoframe
294,com.fitfam.findr
295,com.theguardian.soulmates
296,com.wisdomlogix.background.remover.change.bg
297,com.camera.sweet.selfie.beauty.camera
298,kalisohn.android.recolor
299,com.photoeditor.photocollage.hdphotoeditor
300,com.alovoa.alovoa_playstore
301,com.myphotoapps.photoeditorappmenbikenew
302,com.appdreams.dualphotoframes.photoframes.dual.hd.photo.frames.editor.unlimited
303,dual.direction.photobookdualphotoframe
304,com.camerasideas.instashot
305,com.mvltrapps.femaledoctorphotosuit
306,best.live_wallpapers.photo_audio_album
307,com.adobe.lrmobile
308,com.linecorp.b612.android
309,com.krapps.coffeemugphotoframes
310,com.nakashimaakio.fliprotateimage
311,com.ff.photocollage.stickers
312,com.appbreakers.hdcamera
313,net.sourceforge.opencamera
314,com.adobe.psmobile
315,free.backgrounderaser.touchretouch.removeunwantedobject.unwantedcontent
316,com.vicman.toonmeapp
317,com.fastface.faceeditor
318,com.youthhr.phonto
319,com.mga.postdesigner
320,pomcoonglala.beautiful.selfie.camera
321,photo.editor.photoeditor.photoeditorpro
322,roxannecrete.bodyshapephotoeditor.bodyretouch
323,com.atomicadd.fotos
324,pomcoonglala.photo.frame.collage.art
325,com.iudesk.android.photo.editor
326,ladoapps.womengirlsinhijabphotoeditor.frame
327,com.handycloset.android.eraser
328,com.mvltrapps.photoeditor.bookphotoframes
329,com.cardinalblue.piccollage.google
330,com.blackandwhite.colorfulleditor
331,com.vicman.newprofilepic
332,com.allsuit.babygirlsuit
333,com.allsuit.sherwanieditor
334,com.cyworld.camera
335,pomcoonglala.photo.frame.valentine.love.collage
336,com.photoeffecteditor.hearteffect.videomaker
337,com.stylish.commando.suiteditor.photoeditor.militarysuit.photomontage.pictureeditor.smilestudio
338,com.cerdillac.filmmaker
339,com.video.maker
340,com.fotophillia.beforeaftercollages
341,photo.editor.photoeditor.filtermaster
342,screen.mirroring_for_all_tv.TV_Cast_Pro.for_Samsung_TV
343,com.adobe.photoshopmix
344,best.edtphoto.halfsaree_face_changer
345,com.krapps.villagephotoframes
346,droidconsulting.smarthairstylead
347,girls.photo.editor.apps.boyuniform
348,com.gpsmapcamera.geotagginglocationonphoto
349,com.allsuit.fancy.shirt.photosuit
350,com.allsuit.man.suit.photos
351,com.lanshark.picuki
352,com.allsuit.man.formal.shirt.photoeditor
353,com.campmobile.snow
354,makstyle.bestechomagicmirroreffect
355,my.com.pixajoy
356,com.manboker.headportrait
357,com.mobileappsdunia.happynewyearframes
358,com.mutaeb.OVFEditor
359,com.iraprotsak.morningnight
360,com.appone.monogram
361,com.flipcam
362,com.bestsocialdiary.queshot
363,com.westpoint.photoeditor.photocollage
364,com.fiema.bellyscan
365,com.atsdev.mansuitcamera
366,photocollage.photoeditor.collagemaker
367,com.sigmaappsolution.jacketphotosuit
368,com.handycloset.android.photolayers
369,com.photocollage.photoframe.photofamily
370,com.xnview.XnGif
371,com.Creativestarapps.waterfall.photoeditor
372,gr.gamebrain.comica
373,com.myphotoapps.lehengacholifashiondressesforwomen
374,com.hideitpro
375,com.appsdunia.independanceday
376,com.accarunit.slowmotion
377,gkv.photoframed.photoeditor
378,com.blackcatwallpapers.app
379,vsin.t16_funny_photo
380,com.avnsoft.photoeditor.photocollage
381,ring.photoeditor.travelanywhere
382,com.adobe.adobephotoshopfix
383,topvn.layoutphoto.layoutcollage
384,g3s.photoeditting.travelanywhere
385,com.appbites.naturedualphotoframes
386,com.pavahainc.weddingcamera
387,media.album.photo.gallery
388,com.pavahainc.mensuitcamera
389,com.pavahainc.womenhairstylescamera
390,com.pavahainc.jewelrycamera
391,com.pavahainc.policephotoeditor
392,com.pavahainc.princesscameranew
393,com.pavahainc.springphotoeffectseditor
394,com.jeyluta.timestampcamerafree
395,photo.android.hd.camera
396,com.pavahainc.pictureshape
397,com.pavahainc.lightingtextnameartmaker
398,com.gm.newyearphotoframes.happynewyear.wishes.newyear.greetingcards
399,com.pavahainc.pictureartpaintingeffects
400,com.pavahainc.threedoverlayphotoblenderapp
401,com.meitu.makeup
402,com.pavahainc.horrorframesphotoeditor
403,com.videocall.alphabetlore_lettres
404,com.codegradients.design.space.studio
405,com.wemagineai.voila
406,com.moon.fotofram
407,com.xilli.photo.blending.photo.editing.app
408,com.linecorp.foodcam.android
409,com.baiwang.instasquare
410,gallery.galleryvault.simplegallery
411,com.logramas.lgbtbackground
412,com.genderswap.face_changer
413,com.everimaging.goart
414,com.ffffstudio.kojicam
415,beauty.selfie.photo.editor.filter
416,br.com.zoetropic.free
417,air.brush.photoeditor.collagemaker.beautycam.sweet.selfiecamera.face.makeover
418,com.gamebrain.cartoon
419,com.camerafilter.ulook
420,com.navicamtools.thermalcamera
421,com.movemore.negativeimage.lc
422,com.fashioncrazeapps.WomenWinterOutfitSuits
423,com.samirfutureit.plpforpixellab
424,com.opalsapps.photoslideshowwithmusic
425,com.app.selfy
426,com.fujifilm.instaxSquareLink
427,freeandroidapp.stairwaytoheavenphotoframe.heavenframesforpictures.frameswithquotes.editor
428,com.kyliecosmetics.kylie_jenner_cosmetics.amindk
429,com.camera.galaxyx
430,com.rr.goodmorningandnightprayers
431,com.olav.logolicious
432,com.intech.birthdayvideomakerwithmusic.photoframe.birthdayvideo.videomaker.slideshow.birthdayframe
433,creator.logo.maker.scopic
434,com.selfie.beautycamera.makeup.pro
435,com.falstad.megaphotofree
436,com.rugalluk.remove.unwanted.objects
437,com.vysionapps.faceswap
438,com.ppn.unwantedremover.vs
439,com.logopit.logoplus
440,jp.naver.linecamera.android
441,photobaby.babypics.baby.photo.frames.photoeditor
442,com.kyubid.apps.whitegram.whitegram
443,com.pixiz.app
444,hippeis.com.photochecker
445,com.konashone.selfie_camera_beauty_edit_plus
446,com.smilieideas.photodrive
447,com.amosstudio.christmas.santa.suit.photoeditor
448,com.appboxitsol.bookphotoframes
449,com.photo.editing.pic.collage.maker
450,com.codeway.pixelup
451,com.sknatkforever.mxasd
452,com.amosstudio.gold.teeth.photoeditor
453,com.rectfy.flip
454,com.bidastudio.piercing.tattoo.photoeditor
455,com.panasonic.avc.cng.imageapp
456,com.inglesdivino.blurimage
457,com.judi.autoblur
458,com.tattoomyphoto.tattoome.faketattoo
459,com.app.nameart.firenameart
460,com.a_superlab.typingdesigner
461,com.rasmodev.darkifyapp
462,com.appbench.beachphotoframes
463,us.pinguo.april_collage
464,com.amosstudio.halloween.makeup.photoeditor
465,com.bidastudio.royal.crown.photoeditor
466,com.simplemobilephotoresizer
467,com.hikaru.photowidgetad
468,com.appoftools.birthdayphotoframe
469,pixelab.camart.cartoon
470,com.amosstudio.graduation.frames.photoeditor
471,com.appboxitsol.bottlephotoframes
472,com.studio8apps.instasizenocrop
473,com.amosstudio.laser.eyes.photoeditor
474,in.photomall.app.vimbamphotography
475,com.xvideostudio.vcamera
476,com.snapchat.android
477,com.android.chrome
478,com.ginnypix.kuni
479,com.ryzenrise.storyart
480,com.UCMobile.intl
481,photo.beautycamera.selfie.prettycamera
482,bg.remove.android
483,com.coolapps.dslrcamera
484,com.psiphon3.subscription
485,com.clp.imagedown
486,photoeditor.oldfilter.retroeffect.vintagecamera
487,com.enflick.android.tn2ndLine
488,com.sec.android.app.sbrowser
489,com.shotonwatermarkstamp.autoaddshotonforcameraphotos
490,com.skype.raider
491,photoeditor.layout.collagemaker
492,com.cloudmosa.puffinFree
493,com.tencent.bang
494,com.theronrogers.vaultyfree
495,jp.naver.line.android
496,net.frameo.app
497,com.tencent.mobileqq
498,org.tezza
499,com.jellybus.Moldiv
500,com.drilens.wamr
