id,appN,package_name,iCr,iCm,iCs
1,Once: Perfect Match Dating App,com.udates,,,
2,Photo Collage Maker Editor,cornera.touchretouch,,,
3,Pict2Cam,com.adriangl.pict2cam,,,
4,Blend Photo Editor – Effects,com.multiphotoblender.photomixer,,,
5,Wild Animal Photo Frames,com.appbites.wildanimalphotoframes,,,
6,Baby Photo Nice Baby wallpaper,com.cuteBaby.BabyPhotos,,,
7,Mobile Phone Photo Frames,freeappshouse.mobile.phone.photo.frames.editor,,,
8,"CSL – Meet, Chat, Pla‪y & Date",com.jaumo.casual,,,
9,Body Plastic Surgery,com.ster.photo.surgery,,,
10,Family Photo Frame,com.Family.Photoframee,,,
11,Body Editor-Make Me Slim & Fit,com.dhaduk.survil.body.curve.shape.editor.maker.photo.video.image.bodyshapeeditor,,,
12,Photo Sticker,com.best.photo.apps.doodle.shape,,,
13,Photo Collage:  Video Mix Grid,photocollage.videocollage.photoeditor.collagemaker.photogridmaker.photogrid,,,
14,Photo Par Punjabi Likhe,pub.text.punjabionphoto,,,
15,AI BG Remover - Change BG,com.ahihi.blur.image,,,
16,Ugadi photo frames,com.mvltrapps.ugadi.photo.frame.effect,,,
17,Transparent photo frames,com.mvltrapps.transparentphotoframe,,,
18,Islamic Photo Frames,com.sknapps.IslamicPhotoFrames,,,
19,Ramadan Mubarak Photo Frames,com.sknapps.RamadanMubarakPhotoFrames,,,
20,Photo Collage – Photo Editor,com.ak41.photoeditor.pip,,,
21,Spdate - meet singles nearby o,spdate.online.girlsmeet.chat,,,
22,PIXPRO SP360 4K,com.ao.SP360_4K,,,
23,Tser: Transgender Dating Chat,com.td.transdr,,,
24,Photo Remover,com.video.removebackground.removebackground,,,
25,Women Pattu Saree Photo Maker,com.kingsstore.WomenPattuSareePhotoMaker,,,
26,PhotoStamp: Location Time Date,com.fbd.location.camera,,,
27,Color splash: Change effect,g3.colorsplash.backgroundsplash.changeeffect,,,
28,Dating and Chat - Evermatch,com.evermatch,,,
29,Circle crop | Photo Cropping,g3.cropphoto.photocrop.cutbackground.photoeditor,,,
30,2go Chat - Chat Rooms & Dating,im.twogo.godroid,,,
31,Cute Rabbit Face,com.best.photo.app.rabbitface,,,
32,Flirtbees - Video Chat App,com.app.flirtbees,,,
33,Horse Photo Frames,freeappshouse.horse.selfie.photo.frames,,,
34,"GayRoyal - Dating, Chat, Love",com.tyteapp.tyte,,,
35,DateMyAge Mature & Senior Date,com.datemyage,,,
36,Women Saree Photo Editor,com.kingsstore.WomenSareePhotoEditor,,,
37,Blurry Photo Editor,com.atdev.blurryphotoeditor,,,
38,Photo editor: Frame for poster,bip.photoeditor.framesforposter,,,
39,Lovevite Chinese Dating (交友约会),com.lovevite,,,
40,Photo Editor Studio 2021,com.wishant.newbestphotoeditor2018,,,
41,Art pic editor,ringpro.squaregrid.gridmaker,,,
42,Stylish Girl Photo Editor,com.kingsstore.StylishGirlPhotoEditor,,,
43,Local Hookup Dating Chat Date,com.localhookupdating.android,,,
44,Madina Photo Frames,com.madinaphotoframes,,,
45,Photo On Birthday Cake,com.best.photo.app.photoonbirthdaycakes,,,
46,Jay Bhim Photo Frames,com.jaybhim.jaybhimphotoframes,,,
47,Status Tâm Trạng,com.ahihi.status.tamtrang,,,
48,Women Designer Saree Suits,com.kingsstore.WomenDesignerSareePhotoSuit,,,
49,Lehenga Choli Photo Editor,com.kingsstore.LehengaCholiPhotoEditor,,,
50,PURE: Anonymous Dating & Chat,com.getpure.pure,,,
51,Goddess Saraswati Photo Frames,com.saraswatiphotoframes,,,
52,Jesus Photo Frames,com.jesus.jesusphotoframes,,,
53,Marathi Birthday Photo Frames,com.marathibirthday.marathibirthdayphotoframes,,,
a,b,c,,,
55,"AmoLatina - Chat, Meet, Date",com.amolatina,,,
a,b,c,,,
57,TrulyAsian - Dating App,com.rometic.trulyasian,,,
58,Boy Hair Photo Editor,com.best.photo.app.boyhairchanger,,,
59,Long Hair Style & Editor,com.cla.longhairs.beststyles.hd,,,
60,Women Jeans Fashion Tops,com.kingsstore.WomenJeansFashionTops,,,
61,"Dating.com™: Chat, Meet People",com.dating.android,,,
62,ACDSee Mobile Sync,com.acdsystems.acdseephotosync,,,
63,Smax - Dating & Meet Singles,mobi.skyrock.Smax,,,
a,b,c,,,
65,PIP Photo Effects Filters,com.Photo.PIP.Camera.Picture_In_Picture.Effects.Filters,,,
a,b,c,,,
67,Baby Face Funny Age Changer,com.BabyFaceFunnyAgeChangerNisappsNiski,,,
68,Smarty Suit Photo Editor,weddingtraditional.couple.suit,,,
69,Guess Your Future Baby's Face!,babypredictor.babygenerator.futurebabyface.app,,,
70,Stylish Dress Fashion Girls,com.kingsstore.StylishDressFashionGirlsNew,,,
a,b,c,,,
72,TrulyFilipino - Dating App,com.rometic.trulyfilipino,,,
73,Binoculars X-C15 Photo & Video,com.bzezz.starlocator,,,
74,FitPix - Photo & Video Vault,com.etoolkit.fitpix.mediavault,,,
75,Vishnu Bhagwan Photo Frames HD,com.vishnu.vishnubhagwanphotoframes,,,
76,Grid Pic - Art Collage,com.atsdev.photogridart,,,
77,Water Fountain Photo Frames,com.appbites.waterfountainphotoframes,,,
78,EuroDate - Dating: Meet People,com.eurodate,,,
79,Hookups - Hook up dating app,com.socialnetwork.hookupsapp,,,
80,Dating and chat - Maybe You,com.maybeyou,,,
81,PicMix - Photo Collage Maker,jsnew.photomixer,,,
82,Lehanga Choli Photo Maker,com.kingsstore.LehangaCholiPhotoMaker,,,
83,"Hotti Dating: Chat, Meet, Date",com.hotti.android,,,
84,Rama Navami Photo Frames,com.ramnavami.ramanavamiphotoframes,,,
85,"Video Dating, Chat, Meet",com.meetoutside.meetoutsideapp,,,
86,Veggly – Vegan Dating App,com.veggly,,,
87,Shivaji Jayanti PhotoFrames HD,com.shivajijayantiphotoframes,,,
88,Girls Photo Suits Editor,com.kingsstore.GirlsPhotoSuitsEditor,,,
89,YoCutie - Dating. Flirt. Chat.,de.appfiction.yocutiegoogle,,,
90,420 Singles,singles420.entrision.com.singles420,,,
91,ZenDate - Meet Asian Singles,com.chinalove,,,
92,Sri Rama Navami photo frames,com.mvltrapps.srirama.navami.photo.frame.effect,,,
93,Artistic Photo Style Transfer,com.telestra.art.painting.artistic.photography,,,
94,Indian Bride Wedding Suit,com.kingsstore.IndianBrideWeddingPhotoMontage,,,
95,Music Show - Video Slideshow,com.km.musicslideshow,,,
96,Selfie photo frames,com.mvltrapps.selfiephotoframemaker,,,
97,Girls Designer Frock Suits,com.kingsstore.GirlsDesignerFrockPhotoEditor,,,
98,Photo Lite - Photo Editor,com.photo.editor.makeup.face,,,
99,Valentine's Day Photo Frame,com.appwallet.ValentinesDayFrames,,,
100,The Bro App (BRO),com.brotechllc.thebroapp,,,
101,Baby Girl Photo Suits,com.kingsstore.BabyGirlPhotoSuits,,,
102,"Cal Cam, Daily Photo Editor",com.calcam.oldfilter,,,
103,Loveawake Dating & Chat App,com.loveawake.chat,,,
104,Valentine's Day Photo Frame,valentine.photo.frame.editor,,,
105,Pics Blend - Background Eraser,com.photoeditor.blender.picsblend,,,
106,LoveInAsia - Asian Dating,com.aimdate.loveinasia,,,
107,Passport Size Photo Maker,com.passportsizephoto.passportphotomaker,,,
108,Wedding Invitation Card Maker,com.wedding.weddinginvitation,,,
109,"Latin Dating - Flirt, Meeting,",com.weloveapps.latindating,,,
110,Splento: Food Photography,com.splento.food,,,
111,Fiorry: Transgender Dating,fiori.transgender,,,
112,Good Morning My Love Gif,com.devlobis.goodmorninglove,,,
113,"SweetRing - Meet, Match, Date",com.sweetringplus.android,,,
114,Birthday Photo Frames,com.ram.birthdayphotoframes,,,
115,Photo Pixel Shattering Effect,com.jazzyworlds.photopixel,,,
116,Love Photo Frames,com.ram.lovephotoframes,,,
117,Photo Paint & Sketch Effect,com.jazzyworlds.paintandsketcheffect,,,
118,Picture Grid Builder,com.km.photogridbuilder,,,
119,ThaiFlirting - Thai Dating,com.aimdate.thaiflirting,,,
120,FitPix - Photo Editor,com.etoolkit.photoeditor,,,
121,Romantic Love Photo Editor,love.photo.frame.editor,,,
122,Good Morning And Night Images,com.bluestar.good.morning,,,
123,Casualx Hookup: Hook Up Dating,dating.hookup.apps,,,
124,3D Photo Effect,com.jazzyworlds.photoeffect3d,,,
125,Stranger with Chat (Random),kr.jungrammer.strangerchat3,,,
126,FitPix - Collage Maker,com.etoolkit.fitpix.collage,,,
127,Travel dating: YourTravelMates,com.yourtravelmates,,,
128,Picture Quotes,com.km.picturequotes,,,
129,CatholicMatch Dating App,com.catholicmatch.app,,,
130,Text Over Photo,com.km.textoverphoto,,,
131,LuvFree Dating App,com.appluvfree,,,
132,Music Video Maker: Slideshow,com.slideshow.slideshow_videomaker,,,
133,I love you images animated,com.bluearts.lovemessages,,,
134,Binoculars Night Mode Zoom,com.zepyur.binoculars,,,
135,Happy New Year Photo Frame,com.veronica.happy.new_year.photoframes.stickers,,,
136,America's Singles,cpro.dating,,,
137,Pose Camera photo pose ideas,biatoka.camerapose,,,
138,Body Shape Photo Editor,cornero.bodyshapephotoeditor,,,
139,HubChat,com.hubaapps.chat,,,
140,Stylish Glasses Photo Editor,com.stylish.sunglasses.pictureditor.photoeditor.artappstudio,,,
141,Beauty Face Makeup Editor,com.beautyfacemakeup.photoeditor.selfiemakeover,,,
142,Cricket Photo Suit,com.sumeruskydevelopers.iplcricketsuitphoto,,,
143,Talk Talk - Random Chatting,kr.jungrammer.talktalk,,,
144,Ramadan Photo Frame 2023,com.veronica.ramadan.mubarak.photoframes.stickers,,,
145,Stranger Chat,com.never.die,,,
146,VIETMAP REC,com.blackview.dashcam.vietmap,,,
147,Mi Gente - Latino Dating,com.migenteapp.migenteandroid,,,
148,Mosaic Photo Effects,com.psma.mosaicphotoeffects,,,
149,Name Art: Effect Smoke NameArt,com.aiTeam.EffectArtName,,,
150,Remove Red Eyes From Photo,com.BestofallPhotography.DeleteRedEyesApp.RemoveRedEyesFromPhoto,,,
151,"Hook up, Dating, Meetup, Catch",com.catch.fwbhookupapp,,,
152,Easy Photo-Editor,com.EasyPhotoEditorTechfazilka.easyphotoeditor,,,
153,Match BBW & Curvy Single :BBWM,com.socialnetworking.bbwmapp,,,
154,Couple Photo Suit Editor - Dre,com.Couple.Photo.Suit.Styles.Traditional.Photo_Editor.Frames,,,
155,Stranger Talk (Random Chat),kr.jungrammer.strangertalk,,,
156,"Cut Edit: BG Remover,BG Eraser",com.gomin.photo.cut.paste.background.editor,,,
157,Tryst - Match and Connect,com.mindhunter.tryst,,,
158,Police Suit Photo Editor,best.edtphoto.policesuit_photoeditor,,,
159,Photos for ID,com.ftapps.fotos3x4,,,
a,b,c,,,
161,JD - JustDating,com.davis.justdating,,,
162,Write Urdu On Photos - Shairi,com.urdu.textonphotos.shairi.appsogen,,,
163,Gallery,com.gallery.photoviwer,,,
164,Знакомства.ру,ru.mylove.dating,,,
165,Men Moto Photo Suit,com.appbites.menmotophotosuit,,,
166,RussianFlirting Russian Dating,com.aimdate.russianflirting,,,
167,Hum Chat - Random Call & Chat,com.livetalk.randomvideochat,,,
168,Photo Editor : Photo Effects,com.aiTeam.MagicLightEffect,,,
169,Printee – Photo printing app,com.printeeapp.printee,,,
170,Interior Photo Frames,com.appbites.interiorphotoframes,,,
171,Story Maker - Insta Story Art,com.pixelsdev.storymaker,,,
172,عکس نوشته ساز (فارسی)‎,com.fa.typegraphi,,,
173,USA Dating,datee.mobi,,,
174,Garden Photo Frames,com.Christmas.Photo_Frames.Background.Editor,,,
175,dittoed,mnara.dittoed,,,
176,Love Flower Photo Frames,com.Flower.Photo.frames.HD_Photoframes.app,,,
177,Frame Photo Collage,com.atsdev.framephotocollage,,,
178,CamJoy : Live video chatting,com.camjoy.live.app,,,
179,Find Lover,com.foreverbilisim.sevgilibul,,,
180,Flower Photo Frames,com.newappxone.flowerphotoframes,,,
181,Casual Hookup Dating - Kasual,co.lucky.hookup,,,
182,Kippo - Come Hang Out,com.covalent.kippo,,,
183,Smiley Face Photo Editor,com.photoeditor.app.smileyface.sticker,,,
184,EUdate - European dating for n,europeandating.europesingles.nearbymeet,,,
185,Long frock photo suit,com.mvltrapps.longfrockphotosuit,,,
186,Free Dating Hook Up Messenger,com.dating.apps.cupid,,,
187,Love Calculator 2023,apptrends.love_test_calculator_lovephotoframes,,,
188,صور حالات بأسماء بنات  بدون نت‎,com.yovic.girlybanat,,,
189,TrulyChinese - Dating App,com.rometic.trulychinese,,,
190,"Cut Out, Cut Photo Background",com.bluefishapp.cutpaste,,,
191,Indian Flag Text Photo Frame,statusdp.flagtextletter.indianphoto.frame,,,
192,Happy Christmas Photo Frames,com.Happy.Christmas.Photo.Frames.Merry.Santa.Effect,,,
193,USA Cupid,au.com.meetmefreedatingapp.flirtdating,,,
194,Insect identifier by Photo Cam,com.mm.insects.identification,,,
195,Adam Dates Eve - Dating App,com.opusmobilis.adamdateseve,,,
196,Name On Birthday Cake & Photo,com.name.birthday.cake.wishes,,,
197,Inshallah muslims for Marriage,com.inchallah.inchmobile,,,
198,Gallery - Photos & Videos,com.editor.covers.postermaker,,,
199,كم عمرك - تحديد العمر من الوجه‎,com.agerecognitionapp.faceage,,,
200,Fight Effect Photo Editor,com.ZomieeInfotech.FightPhotoEditor,,,
201,"Eden: Christian Dating,Matches",com.eden_android,,,
202,Canada Dating - International,canadianmeet.dating.chatsingles.friends,,,
203,Profile Picture Border insta,instadp.circele.profile.picture.border.maker,,,
204,Makeup 365 - Makeup Editor,com.oshiharapps.facemakeupbeauty.prettymakeup.makeupeditor,,,
205,Hair Color Changer,droidconsulting.haircolorchanger,,,
206,Marriage Photo Frame,com.sigmaappsolution.marriagephotoframe,,,
207,Eyebrow Editor,com.mendone.eyebrow.editor,,,
208,Arab Man Photo Suit,best.edtphoto.arabman_suitchanger,,,
209,Garden Photo Mixer / blender,com.mvltrapps.gardentransparentphotoframes,,,
210,Schmooze:Meme-based dating app,com.schmoozeapps.schmooze,,,
211,BBW Dating Hookup App: BBWink,com.hookup.dating.bbw.wink,,,
212,Republic Day Photo Editor,com.august15Photoeditor.photoeditor.ly,,,
213,Video Chat & Dating App: Gaper,com.agegap.gaper,,,
214,Nevermet - VR Dating Metaverse,com.cheerioworld.nevermet,,,
215,Taj Mahal Photo Frames,com.appbites.tajmahalphotoframes,,,
216,دردشة أوتار - Awtar Chat‎,com.awtar.mob.app,,,
217,Prewedding Photo Editor : Phot,makstyle.preweddingphotoframe,,,
218,14 August Photo Frame Sticker,com.makeupcollections.august.photoframe.sticker.editor,,,
219,Black White Interracial Dating,com.blackwhitemeet,,,
a,b,c,,,
221,"Pink | Dating App to Chat, Dat",com.dating.pink,,,
222,Rainbow Photo Frames,com.appbites.rainbowphotoframes,,,
223,LunchClick by Lunch Actually -,co.lunchclick,,,
224,Funimate Video Director - Bzoo,com.bzoo.videomaker.moviemaker.story.status.lyrical,,,
225,Neenbo: Find Love Now!,com.neenbo,,,
226,Text on Photo,com.atsdev.textonphoto,,,
227,Lovely Photo Frames,com.ram.lovelyphotoframes,,,
228,Dual Photo Mixer - Photo joint,com.mvltrapps.dualphotoblender,,,
229,Beach Photo Frames,com.appbites.beachphotoframes,,,
230,Valo - Love App,fi.kotisatamanvalo.app,,,
231,Bhabhi Call: Live Talk Video,boudi.live.videocall,,,
232,Royal Car Photo Editor,makstyle.royalcarphotoeditor,,,
233,Meeto- Random Video Call,com.meetnewpeople.meet.call.people.livechat,,,
234,Happy Valentines Photo Frames,com.ram.happyvalentinesdayframes,,,
235,Night Goggles Thermal Effects,com.nightmodegogglesmultiple.thermaleffects,,,
236,France Chat Social Dating,com.chatnetworkapp.france,,,
237,Ganesh Photo Frame Editor,com.mvltrapps.ganeshphotoframes,,,
238,Yuyyu : Dating app. Meet. Chat,com.yuyyu.horoscopematch,,,
239,"Man Muscle Editor, Biceps, Six",com.dgt.manmuscleeditorslimbody,,,
240,CFish: Christian Dating App,com.cfishes.christiandating,,,
a,b,c,,,
242,Name On Anniversary Cake Photo,com.sigmaappsolution.nameonaniversaryphoto,,,
243,BlackGentry – Black Dating App,app.blackgentry,,,
244,AI Background Remover,com.utopiatechnologies.aibgremover,,,
245,India Flag Photo DP Letter Art,com.jazzyworlds.myindiadp,,,
246,WellHello: Dating & Chat,com.sebastianotrven.turinisayhellolove,,,
247,"DSLR Blur Background, Bokeh bg",com.bluefishapp.blureffect,,,
248,Anonymous Chat - (Random Chat),kr.jungrammer.anonymous,,,
249,Asian Pen Pals - Meet New Frie,com.apenpals.friends,,,
250,Love Locket Photo Frames,com.ram.lovelocketframes,,,
251,AvoVietnam - Dating and chat,com.avodating.avovietnam.rnative,,,
252,Photo Editor & Image Filters,com.rstech.photo.editor.filters.fun.editpicture.effects.photoblend.blurphoto,,,
253,Date Finder - Online Dating,com.dateinsfinder,,,
254,HOARDING PHOTO FRAMES,com.ram.hoardingphotoframes,,,
255,Binoculars Model V11 Zoom Cam,com.binocularsmodel.v1145xzoomhd.cameraphotovideo,,,
256,Birthday Cake Frames,com.ram.birthdaycakeframes,,,
257,Happy Birthday & Love Sticker,com.bringsgame.hotstickers,,,
258,Thai Romances - Thai Dating,com.thairomances.twa.en,,,
259,chat meet people make friends,schan.main,,,
260,Christmas Photo Editor,com.ram.christmasphotoeditor,,,
261,Military Suit Photo Editor for,com.militaryapp.mailitarysuitformanandwoman,,,
262,Newyear Frames,com.ram.newyearframes,,,
263,Man Leather Coat Photo Editor,com.dgt.leathercoat,,,
264,Instant Camera FX Retro Filter,com.onemanwithcamera.instaretro,,,
265,Happy Newyear Frames,com.ram.happynewyearframes,,,
266,Valentine Day Photo Frame,com.sumeruskydevelopers.valentinelovecardphoto,,,
267,Thuluthin ثلثین خط الثلث‎,app.ir.adoos.thuluthin,,,
268,tbc | dating: We arrange dates,io.sanvean.tbc,,,
269,Photo Effects,com.appspot.swisscodemonkeys.effectsfree,,,
270,FWB: Friends with Benefits App,com.adult.friend.finder.friendswithbenifits.fwbapp,,,
271,Mirchi - South Asian Dating,com.dating.mirchi,,,
272,Muslim Cupid,au.com.meetmefreedatingapp.muslim,,,
273,Pak Flag Shirt Photo Editor,com.goshi.pakflag.flagshirt.flagonface,,,
274,"Waiter: Less dating, more love",love.waiter.android,,,
275,15 August Photo Editor,photoeditor.IndependenceDay.photo.august15dayphotoeditor,,,
276,Christmas Photo Frames,com.Christmas.Photo.Frames.Background.Effects,,,
277,Cartoon Photo Editor: Art,com.photopro.artfilter,,,
278,Photo frame,com.photoflower.photo.frame.collage,,,
279,Pepper Chat,com.pepper.chat,,,
280,Around Find Friends Meet,zuchatapp.com,,,
a,b,c,,,
282,Find Love. Chat Now!,com.meetapp.free.loveme,,,
283,Marriage Photo Frames,com.ram.marriagephotoframes,,,
284,"Photo frame, Photo collage",com.editor.photo.flower.photoframe,,,
285,Join - Meet & Live chat,com.videochat.dateu.online,,,
286,Photo Suit Editor&Fashion Suit,com.photo.suit.editor,,,
287,Passport Size Photo Maker,com.zmobileapps.passportphoto,,,
288,DruzeLink,com.druzelink,,,
289,Edit Photos And Videos,com.tricore.newyear.fireworks,,,
290,Hijab Fashion Photo Frames,freeappshouse.hijab.fashion.photo.frames,,,
291,دمج الصور والاغانى وصنع فيديو ‎,com.hafidabano.alkitaba.sowarmodhila,,,
292,Pongal Photo Frames,com.ram.pongalframes,,,
293,Love Photo Frame,com.Square.Photo.Frame.Collection.lovephotoframe,,,
294,Fitafy : Fitness Dating,com.fitfam.findr,,,
295,Guardian Soulmates Online Dati,com.theguardian.soulmates,,,
296,Photo Background Changer,com.wisdomlogix.background.remover.change.bg,,,
297,Beauty Camera - Selfie Editor,com.camera.sweet.selfie.beauty.camera,,,
298,Recolor - Change Colors,kalisohn.android.recolor,,,
299,HD Photo Editor - Pic Editor,com.photoeditor.photocollage.hdphotoeditor,,,
300,Alovoa Lite,com.alovoa.alovoa_playstore,,,
301,Men Bike Photo Editor App,com.myphotoapps.photoeditorappmenbikenew,,,
302,Dual Photo Frames 2023,com.appdreams.dualphotoframes.photoframes.dual.hd.photo.frames.editor.unlimited,,,
303,Photo Book Dual Photo Frame,dual.direction.photobookdualphotoframe,,,
304,Video Editor & Maker - InShot,com.camerasideas.instashot,,,
305,Women Doctor suit photo editor,com.mvltrapps.femaledoctorphotosuit,,,
306,Photo Audio Video Album Creato,best.live_wallpapers.photo_audio_album,,,
307,Lightroom Photo & Video Editor,com.adobe.lrmobile,,,
308,B612 AI Photo&Video Editor,com.linecorp.b612.android,,,
309,Coffee Mug Photo Frames,com.krapps.coffeemugphotoframes,,,
310,Rotate + Flip Photo,com.nakashimaakio.fliprotateimage,,,
311,Photo  Collage - Collage Maker,com.ff.photocollage.stickers,,,
312,HD Zoom Camera,com.appbreakers.hdcamera,,,
313,Open Camera,net.sourceforge.opencamera,,,
314,Photoshop Express Photo Editor,com.adobe.psmobile,,,
315,Remove Unwanted Object-Retouch,free.backgrounderaser.touchretouch.removeunwantedobject.unwantedcontent,,,
316,ToonMe - cartoons from photos,com.vicman.toonmeapp,,,
317,Face editor magic face app,com.fastface.faceeditor,,,
318,Phonto - Text on Photos,com.youthhr.phonto,,,
a,b,c,,,
a,b,c,,,
321,Photo Editor Pro - Polish,photo.editor.photoeditor.photoeditorpro,,,
322,Body Editor & Shape Editor,roxannecrete.bodyshapephotoeditor.bodyretouch,,,
323,A+ Gallery - Photos & Videos,com.atomicadd.fotos,,,
a,b,c,,,
325,Photo Editor,com.iudesk.android.photo.editor,,,
326,Hijab Photo Editor,ladoapps.womengirlsinhijabphotoeditor.frame,,,
327,Background Eraser,com.handycloset.android.eraser,,,
328,Book photo frames,com.mvltrapps.photoeditor.bookphotoframes,,,
329,PicCollage: Grid Collage Maker,com.cardinalblue.piccollage.google,,,
330,Black and White Photo Editor,com.blackandwhite.colorfulleditor,,,
331,NewProfilePic: Profile Picture,com.vicman.newprofilepic,,,
332,Baby Girl Suit Photo Editor,com.allsuit.babygirlsuit,,,
333,Men Sherwani Photo Editor,com.allsuit.sherwanieditor,,,
334,Cymera - Photo Editor Collage,com.cyworld.camera,,,
335,Valentine Love Photo Frame,pomcoonglala.photo.frame.valentine.love.collage,,,
336,Heart Effect Video Maker,com.photoeffecteditor.hearteffect.videomaker,,,
337,Stylish Commando Suit Editor,com.stylish.commando.suiteditor.photoeditor.militarysuit.photomontage.pictureeditor.smilestudio,,,
338,Film Maker Pro - Movie Maker,com.cerdillac.filmmaker,,,
339,Video Maker with Songs & Photo,com.video.maker,,,
340,Before & After Collages,com.fotophillia.beforeaftercollages,,,
341,Selfie Beauty Camera Editor,photo.editor.photoeditor.filtermaster,,,
342,Allshare Cast Screen Mirroring,screen.mirroring_for_all_tv.TV_Cast_Pro.for_Samsung_TV,,,
343,"Adobe Photoshop Mix - Cut-out,",com.adobe.photoshopmix,,,
344,Half Saree Face Changer,best.edtphoto.halfsaree_face_changer,,,
345,Village Photo Frames,com.krapps.villagephotoframes,,,
346,Change Hairstyle,droidconsulting.smarthairstylead,,,
347,Boys Photo editor,girls.photo.editor.apps.boyuniform,,,
348,GPS Map Camera,com.gpsmapcamera.geotagginglocationonphoto,,,
349,Fancy Shirt Photo Suit,com.allsuit.fancy.shirt.photosuit,,,
350,Man Suit Photo Editor,com.allsuit.man.suit.photos,,,
351,Picuki - IG viewer anonymously,com.lanshark.picuki,,,
352,Men Formal Shirt Photo Editor,com.allsuit.man.formal.shirt.photoeditor,,,
353,SNOW - AI Profile,com.campmobile.snow,,,
354,Echo MagicMirror Effect Filter,makstyle.bestechomagicmirroreffect,,,
355,Pixajoy Photo Book,my.com.pixajoy,,,
356,MomentCam Cartoons & Stickers,com.manboker.headportrait,,,
357,Happy New Year Frame 2023,com.mobileappsdunia.happynewyearframes,,,
358,OVF Editor,com.mutaeb.OVFEditor,,,
359,Morning and Night Wishes,com.iraprotsak.morningnight,,,
360,Monogram Maker,com.appone.monogram,,,
361,FlipCam Video Recorder,com.flipcam,,,
a,b,c,,,
363,Photo Collage & Art Frame,com.westpoint.photoeditor.photocollage,,,
a,b,c,,,
365,Man Suit Camera,com.atsdev.mansuitcamera,,,
366,Photo Editor - Collage Maker,photocollage.photoeditor.collagemaker,,,
367,Man Jacket Photo Suit,com.sigmaappsolution.jacketphotosuit,,,
368,"PhotoLayers-Superimpose,Eraser",com.handycloset.android.photolayers,,,
369,"Photo collage, photo frames, p",com.photocollage.photoframe.photofamily,,,
370,Gif Me! Camera - GIF maker,com.xnview.XnGif,,,
371,Waterfall Photo Editor,com.Creativestarapps.waterfall.photoeditor,,,
372,comics and cartoon maker,gr.gamebrain.comica,,,
373,Fashion Lehenga Choli Dresses,com.myphotoapps.lehengacholifashiondressesforwomen,,,
374,"Hide Photos, Video and App Loc",com.hideitpro,,,
375,Independence Day Photo Frame,com.appsdunia.independanceday,,,
376,Time Cut : Smooth Slow Motion,com.accarunit.slowmotion,,,
377,Photos framed,gkv.photoframed.photoeditor,,,
378,Black Cat Wallpapers,com.blackcatwallpapers.app,,,
379,Photo Lab Picture Editor & Art,vsin.t16_funny_photo,,,
380,Collage Maker - Photo Grid,com.avnsoft.photoeditor.photocollage,,,
381,Photo editor: Travel anywhere,ring.photoeditor.travelanywhere,,,
382,Adobe Photoshop Fix,com.adobe.adobephotoshopfix,,,
383,Layout collage: Photo editor,topvn.layoutphoto.layoutcollage,,,
384,Photo editing: Travel anywhere,g3s.photoeditting.travelanywhere,,,
385,Nature Dual Photo Frames,com.appbites.naturedualphotoframes,,,
386,Wedding Camera Montage Maker,com.pavahainc.weddingcamera,,,
387,Photo Gallery & Album,media.album.photo.gallery,,,
388,Men Suit Camera: Montage Maker,com.pavahainc.mensuitcamera,,,
389,Women Hairstyles Camera,com.pavahainc.womenhairstylescamera,,,
390,Jewelry Camera Photo Editor,com.pavahainc.jewelrycamera,,,
391,Police Photo Editor Suit Dress,com.pavahainc.policephotoeditor,,,
392,Princess Camera,com.pavahainc.princesscameranew,,,
393,Spring Photo Effects Editor,com.pavahainc.springphotoeffectseditor,,,
394,Timestamp Camera,com.jeyluta.timestampcamerafree,,,
395,HD Camera for Android,photo.android.hd.camera,,,
396,Picture Shape Photo Editor,com.pavahainc.pictureshape,,,
397,Lighting Text on Photo,com.pavahainc.lightingtextnameartmaker,,,
398,"New year PhotoFrames, Cards",com.gm.newyearphotoframes.happynewyear.wishes.newyear.greetingcards,,,
399,Picture Art Painting Effects,com.pavahainc.pictureartpaintingeffects,,,
400,3D Overlay Photo Blender App,com.pavahainc.threedoverlayphotoblenderapp,,,
401,MakeupPlus - Virtual Makeup,com.meitu.makeup,,,
402,Horror Frames Photo Editor,com.pavahainc.horrorframesphotoeditor,,,
403,ALPHABET CALLING VIDEO LETTRE,com.videocall.alphabetlore_lettres,,,
404,Design Space for Cricut,com.codegradients.design.space.studio,,,
405,Voila AI Artist Cartoon Photo,com.wemagineai.voila,,,
406,Foto Frame - Smart Photo Frame,com.moon.fotofram,,,
407,Photo Blender : Pic Collage,com.xilli.photo.blending.photo.editing.app,,,
408,Foodie - Filter & Film Camera,com.linecorp.foodcam.android,,,
409,InstaSquare: Photo Editor Grid,com.baiwang.instasquare,,,
a,b,c,,,
411,LGBT Background,com.logramas.lgbtbackground,,,
412,Gender Swap Face Swap &Changer,com.genderswap.face_changer,,,
413,AI Art Image Generator – GoArt,com.everimaging.goart,,,
a,b,c,,,
a,b,c,,,
416,Zoetropic - Photo in motion,br.com.zoetropic.free,,,
417,AirBrush - AI Photo Enhancer,air.brush.photoeditor.collagemaker.beautycam.sweet.selfiecamera.face.makeover,,,
418,Cartoon Photo Editor,com.gamebrain.cartoon,,,
419,"Vintage Camera-Retro, Editor",com.camerafilter.ulook,,,
420,Thermal Imaging Camera Sim 9,com.navicamtools.thermalcamera,,,
421,Negative Image Scanner,com.movemore.negativeimage.lc,,,
422,Women Winter Outfit Suits,com.fashioncrazeapps.WomenWinterOutfitSuits,,,
423,PLP for pixellab - Presets,com.samirfutureit.plpforpixellab,,,
424,Photo Slideshow with Music,com.opalsapps.photoslideshowwithmusic,,,
425,Fotoshoto AI,com.app.selfy,,,
426,INSTAX SQUARE Link,com.fujifilm.instaxSquareLink,,,
a,b,c,,,
428,kylie cosmetics,com.kyliecosmetics.kylie_jenner_cosmetics.amindk,,,
429,BeautyAI - Perfect Selfies Cam,com.camera.galaxyx,,,
430,Good Morning & Night Prayers,com.rr.goodmorningandnightprayers,,,
431,LogoLicious Add Your Logo App,com.olav.logolicious,,,
432,Birthday Photo Frame With Song,com.intech.birthdayvideomakerwithmusic.photoframe.birthdayvideo.videomaker.slideshow.birthdayframe,,,
433,Logo Generator & Logo Maker,creator.logo.maker.scopic,,,
434,Beauty Camera Face Editor App,com.selfie.beautycamera.makeup.pro,,,
435,Mega Photo,com.falstad.megaphotofree,,,
436,Remove Unwanted Object,com.rugalluk.remove.unwanted.objects,,,
437,Face Swap - Photo Face Swap,com.vysionapps.faceswap,,,
438,Photo Eraser Unwanted Remover,com.ppn.unwantedremover.vs,,,
439,Logo Maker Plus - Logo Creator,com.logopit.logoplus,,,
440,LINE Camera - Photo editor,jp.naver.linecamera.android,,,
441,Baby Photo Editor baby-Pics,photobaby.babypics.baby.photo.frames.photoeditor,,,
442,WhiteGram - Frames for Photos,com.kyubid.apps.whitegram.whitegram,,,
443,Pixiz - Photo montage & Collag,com.pixiz.app,,,
444,Photo Sherlock Search by photo,hippeis.com.photochecker,,,
445,Camera iphone 14 Pro - iOS 15,com.konashone.selfie_camera_beauty_edit_plus,,,
446,photoDrive for Google Drive,com.smilieideas.photodrive,,,
447,Santa Claus Suit Photo Editor,com.amosstudio.christmas.santa.suit.photoeditor,,,
448,Book Photo Frames,com.appboxitsol.bookphotoframes,,,
449,DP Photo Effects Photo Editor,com.photo.editing.pic.collage.maker,,,
450,Pixelup - AI Photo Enhancer,com.codeway.pixelup,,,
451,سكناتك‎,com.sknatkforever.mxasd,,,
452,Gold teeth Photo Editor,com.amosstudio.gold.teeth.photoeditor,,,
453,Flip Image - Mirror Image,com.rectfy.flip,,,
454,Piercing & Tattoo Photo Editor,com.bidastudio.piercing.tattoo.photoeditor,,,
455,Panasonic Image App,com.panasonic.avc.cng.imageapp,,,
456,Blur Image,com.inglesdivino.blurimage,,,
457,Auto blur: blur background,com.judi.autoblur,,,
458,Tattoo my Photo - Tattoo Maker,com.tattoomyphoto.tattoome.faketattoo,,,
a,b,c,,,
460,Creative Typography Design,com.a_superlab.typingdesigner,,,
461,Darkify Wallpaper HD - 4K 2023,com.rasmodev.darkifyapp,,,
462,Beach Photo Frames,com.appbench.beachphotoframes,,,
463,"April - Camera360 cute Layout ",us.pinguo.april_collage,,,
464,Halloween Makeup Photo Editor,com.amosstudio.halloween.makeup.photoeditor,,,
465,Royal Crown Photo Editor,com.bidastudio.royal.crown.photoeditor,,,
466,Photo & Picture Resizer,com.simplemobilephotoresizer,,,
467,Animated Photo Widget,com.hikaru.photowidgetad,,,
468,Birthday Photo Frame Editor,com.appoftools.birthdayphotoframe,,,
469,camart - cartoon photo,pixelab.camart.cartoon,,,
470,Graduation Photo Frames Editor,com.amosstudio.graduation.frames.photoeditor,,,
471,Bottle Photo Frames,com.appboxitsol.bottlephotoframes,,,
472,"Square InPic - Photo Editor & ",com.studio8apps.instasizenocrop,,,
473,Laser Eyes Photo Editor,com.amosstudio.laser.eyes.photoeditor,,,
474,Vimbam Photography,in.photomall.app.vimbamphotography,,,
475,"Beauty Camera V Camera, Editor",com.xvideostudio.vcamera,,,
476,Snapchat,com.snapchat.android,,,
477,Google Chrome: Fast & Secure,com.android.chrome,,,
478,KUNI Cam,com.ginnypix.kuni,,,
479,StoryArt - Insta story maker,com.ryzenrise.storyart,,,
480,"UC Browser-Safe, Fast, Private",com.UCMobile.intl,,,
481,Makeup Camera - Beauty Editor,photo.beautycamera.selfie.prettycamera,,,
482,Background remover - remove.bg,bg.remove.android,,,
483,DSLR Camera Blur Effects,com.coolapps.dslrcamera,,,
484,Psiphon Pro,com.psiphon3.subscription,,,
485,Download Images,com.clp.imagedown,,,
486,Retro Cam: Vintage Camera Filt,photoeditor.oldfilter.retroeffect.vintagecamera,,,
487,2ndLine - Second Phone Number,com.enflick.android.tn2ndLine,,,
488,Samsung Internet Browser,com.sec.android.app.sbrowser,,,
489,ShotOn Stamp Camera,com.shotonwatermarkstamp.autoaddshotonforcameraphotos,,,
490,Skype,com.skype.raider,,,
491,Collage Maker | Photo Editor,photoeditor.layout.collagemaker,,,
492,Puffin Cloud Browser,com.cloudmosa.puffinFree,,,
493,Bang Browser-All Video downloa,com.tencent.bang,,,
494,Vaulty : Hide Pictures Videos,com.theronrogers.vaultyfree,,,
495,LINE: Calls & Messages,jp.naver.line.android,,,
496,Frameo: Share to photo frames,net.frameo.app,,,
497,QQ,com.tencent.mobileqq,,,
498,Tezza: Aesthetic Editor,org.tezza,,,
499,"MOLDIV - Photo Editor, Collage",com.jellybus.Moldiv,,,
500,WAMR: Undelete messages!,com.drilens.wamr,,,
