id,ap,an,iCr,iCm,iCs
1,com.udates,Once: Perfect Match Dating App,,,
2,cornera.touchretouch,Photo Collage Maker Editor,,,
3,com.adriangl.pict2cam,Pict2Cam,,,
4,com.multiphotoblender.photomixer,Blend Photo Editor – Effects,,,
5,com.appbites.wildanimalphotoframes,Wild Animal Photo Frames,,,
6,com.cuteBaby.BabyPhotos,Baby Photo Nice Baby wallpaper,,,
7,freeappshouse.mobile.phone.photo.frames.editor,Mobile Phone Photo Frames,,,
8,com.jaumo.casual,"CSL – Meet, Chat, Pla‪y & Date",,,
9,com.ster.photo.surgery,Body Plastic Surgery,,,
10,com.Family.Photoframee,Family Photo Frame,,,
11,com.dhaduk.survil.body.curve.shape.editor.maker.photo.video.image.bodyshapeeditor,Body Editor-Make Me Slim & Fit,,,
12,com.best.photo.apps.doodle.shape,Photo Sticker,,,
13,photocollage.videocollage.photoeditor.collagemaker.photogridmaker.photogrid,Photo Collage:  Video Mix Grid,,,
14,pub.text.punjabionphoto,Photo Par Punjabi Likhe,,,
15,com.ahihi.blur.image,AI BG Remover - Change BG,,,
16,com.mvltrapps.ugadi.photo.frame.effect,Ugadi photo frames,,,
17,com.mvltrapps.transparentphotoframe,Transparent photo frames,,,
18,com.sknapps.IslamicPhotoFrames,Islamic Photo Frames,,,
19,com.sknapps.RamadanMubarakPhotoFrames,Ramadan Mubarak Photo Frames,,,
20,com.ak41.photoeditor.pip,Photo Collage – Photo Editor,,,
21,spdate.online.girlsmeet.chat,Spdate - meet singles nearby o,,,
22,com.ao.SP360_4K,PIXPRO SP360 4K,,,
23,com.td.transdr,Tser: Transgender Dating Chat,,,
24,com.video.removebackground.removebackground,Photo Remover,,,
25,com.kingsstore.WomenPattuSareePhotoMaker,Women Pattu Saree Photo Maker,,,
26,com.fbd.location.camera,PhotoStamp: Location Time Date,,,
27,g3.colorsplash.backgroundsplash.changeeffect,Color splash: Change effect,,,
28,com.evermatch,Dating and Chat - Evermatch,,,
29,g3.cropphoto.photocrop.cutbackground.photoeditor,Circle crop | Photo Cropping,,,
30,im.twogo.godroid,2go Chat - Chat Rooms & Dating,,,
31,com.best.photo.app.rabbitface,Cute Rabbit Face,,,
32,com.app.flirtbees,Flirtbees - Video Chat App,,,
33,freeappshouse.horse.selfie.photo.frames,Horse Photo Frames,,,
34,com.tyteapp.tyte,"GayRoyal - Dating, Chat, Love",,,
35,com.datemyage,DateMyAge Mature & Senior Date,,,
36,com.kingsstore.WomenSareePhotoEditor,Women Saree Photo Editor,,,
37,com.atdev.blurryphotoeditor,Blurry Photo Editor,,,
38,bip.photoeditor.framesforposter,Photo editor: Frame for poster,,,
39,com.lovevite,Lovevite Chinese Dating (交友约会),,,
40,com.wishant.newbestphotoeditor2018,Photo Editor Studio 2021,,,
41,ringpro.squaregrid.gridmaker,Art pic editor,,,
42,com.kingsstore.StylishGirlPhotoEditor,Stylish Girl Photo Editor,,,
43,com.localhookupdating.android,Local Hookup Dating Chat Date,,,
44,com.madinaphotoframes,Madina Photo Frames,,,
45,com.best.photo.app.photoonbirthdaycakes,Photo On Birthday Cake,,,
46,com.jaybhim.jaybhimphotoframes,Jay Bhim Photo Frames,,,
47,com.ahihi.status.tamtrang,Status Tâm Trạng,,,
48,com.kingsstore.WomenDesignerSareePhotoSuit,Women Designer Saree Suits,,,
49,com.kingsstore.LehengaCholiPhotoEditor,Lehenga Choli Photo Editor,,,
50,com.getpure.pure,PURE: Anonymous Dating & Chat,,,
51,com.saraswatiphotoframes,Goddess Saraswati Photo Frames,,,
52,com.jesus.jesusphotoframes,Jesus Photo Frames,,,
53,com.marathibirthday.marathibirthdayphotoframes,Marathi Birthday Photo Frames,,,
54,com.amolatina,"AmoLatina - Chat, Meet, Date",,,
55,com.rometic.trulyasian,TrulyAsian - Dating App,,,
56,com.best.photo.app.boyhairchanger,Boy Hair Photo Editor,,,
57,com.cla.longhairs.beststyles.hd,Long Hair Style & Editor,,,
58,com.kingsstore.WomenJeansFashionTops,Women Jeans Fashion Tops,,,
59,com.dating.android,"Dating.com™: Chat, Meet People",,,
60,com.acdsystems.acdseephotosync,ACDSee Mobile Sync,,,
61,mobi.skyrock.Smax,Smax - Dating & Meet Singles,,,
62,com.Photo.PIP.Camera.Picture_In_Picture.Effects.Filters,PIP Photo Effects Filters,,,
63,com.BabyFaceFunnyAgeChangerNisappsNiski,Baby Face Funny Age Changer,,,
64,weddingtraditional.couple.suit,Smarty Suit Photo Editor,,,
65,babypredictor.babygenerator.futurebabyface.app,Guess Your Future Baby's Face!,,,
66,com.kingsstore.StylishDressFashionGirlsNew,Stylish Dress Fashion Girls,,,
67,com.rometic.trulyfilipino,TrulyFilipino - Dating App,,,
68,com.bzezz.starlocator,Binoculars X-C15 Photo & Video,,,
69,com.etoolkit.fitpix.mediavault,FitPix - Photo & Video Vault,,,
70,com.vishnu.vishnubhagwanphotoframes,Vishnu Bhagwan Photo Frames HD,,,
71,com.atsdev.photogridart,Grid Pic - Art Collage,,,
72,com.appbites.waterfountainphotoframes,Water Fountain Photo Frames,,,
73,com.eurodate,EuroDate - Dating: Meet People,,,
74,com.socialnetwork.hookupsapp,Hookups - Hook up dating app,,,
75,com.maybeyou,Dating and chat - Maybe You,,,
76,jsnew.photomixer,PicMix - Photo Collage Maker,,,
77,com.kingsstore.LehangaCholiPhotoMaker,Lehanga Choli Photo Maker,,,
78,com.hotti.android,"Hotti Dating: Chat, Meet, Date",,,
79,com.ramnavami.ramanavamiphotoframes,Rama Navami Photo Frames,,,
80,com.meetoutside.meetoutsideapp,"Video Dating, Chat, Meet",,,
81,com.veggly,Veggly – Vegan Dating App,,,
82,com.shivajijayantiphotoframes,Shivaji Jayanti PhotoFrames HD,,,
83,com.kingsstore.GirlsPhotoSuitsEditor,Girls Photo Suits Editor,,,
84,de.appfiction.yocutiegoogle,YoCutie - Dating. Flirt. Chat.,,,
85,singles420.entrision.com.singles420,420 Singles,,,
86,com.chinalove,ZenDate - Meet Asian Singles,,,
87,com.mvltrapps.srirama.navami.photo.frame.effect,Sri Rama Navami photo frames,,,
88,com.telestra.art.painting.artistic.photography,Artistic Photo Style Transfer,,,
89,com.kingsstore.IndianBrideWeddingPhotoMontage,Indian Bride Wedding Suit,,,
90,com.km.musicslideshow,Music Show - Video Slideshow,,,
91,com.mvltrapps.selfiephotoframemaker,Selfie photo frames,,,
92,com.kingsstore.GirlsDesignerFrockPhotoEditor,Girls Designer Frock Suits,,,
93,com.photo.editor.makeup.face,Photo Lite - Photo Editor,,,
94,com.appwallet.ValentinesDayFrames,Valentine's Day Photo Frame,,,
95,com.brotechllc.thebroapp,The Bro App (BRO),,,
96,com.kingsstore.BabyGirlPhotoSuits,Baby Girl Photo Suits,,,
97,com.loveawake.chat,Loveawake Dating & Chat App,,,
98,valentine.photo.frame.editor,Valentine's Day Photo Frame,,,
99,com.photoeditor.blender.picsblend,Pics Blend - Background Eraser,,,
100,com.aimdate.loveinasia,LoveInAsia - Asian Dating,,,
